Workbook

Sheet INTRO 
A2: TO DO LIST AND GENERAL INFO
A4: SECURITIES | C4: TICKER | D4: SOURCE
A6: VAN ECK URANIUM & NUCLEAR TECHNOLOGIES | C6: NUCL | D6: YFINANCE
A7: XTRACKERS ARTIFICIAL INTELLIGENCE & BIG DATA | C7: XAIX | D7: YFINANCE
A9: TIME
A11: DATE OF EVALUATION | B11: 46038
A12: RANGE OF DATA | B12: 45017 | C12: - | D12: 46023
A14: PERFORMANCE AND RISK (UNDER EVALUATION TAB) | D14: FORMULAS
A16: AVG WEEKLY AND ANNUALIZED RETURNS | B16: X | D16: WEEKLY R = LOGN(PT+1/PT) | H16: YEARLY R = EXP^(AVG WEEKLY*52)-1
A17: ANNUALIZED VOLATILITY | B17: X | D17: ST. DEV. = SQRT(VAR)
A18: CORRELATION | B18: X
A20: EFFICIENT FRONTIER (UNDER PTF OPT.) | D20: FORMULAS
A22: SHARPE RATIO OPTIMIZATION | D22: ST.DEV. P = SQRT ( W1^2 ST.DEV. 1^2 + W2^2 ST.DEV. 2^2 + 2 W1 W2 ST.DEV.1 ST.DEV.2 CORR)
B23: X

Sheet EVALUATION
A2: EVALUATION
C4: NUCL | E4: XAIX
A5: returns
A6: avg weekly logn | C6: =AVERAGE(URANIUM!D3:D145) -> 0.0083994199 | E6: =AVERAGE(AI!D3:D145) -> 0.0053665915
A7: annualized returns | C7: =EXP(C6*52)-1 -> 0.54769981 | E7: =EXP(E6*52)-1 -> 0.3218903
A9: variance
A10: weekly | C10: =_xlfn.VAR.S(URANIUM!D3:D145) -> 0.0024281642 | E10: =_xlfn.VAR.S(AI!D3:D145) -> 0.0011160881
A11: annualized variance | C11: =C10*52 -> 0.12626454 | E11: =E10*52 -> 0.058036581
A13: volatility
A14: annualized volatility | C14: =SQRT(C11) -> 0.35533722 | E14: =SQRT(E11) -> 0.24090783
A16: covariance (weekly) | D16: =_xlfn.COVARIANCE.S(URANIUM!D3:D145,AI!D3:D145) -> 0.0006411262
A18: correlation | D18: =CORREL(URANIUM!D3:D145,AI!D3:D145) -> 0.38945318
A19: R | D19: =D18^2 -> 0.15167378

Sheet PTF OPT.
A2: PORTFOLIO OPTIMIZATION
B4: DATE | C4: 46038 | F4: PORTFOLIOS
B5: return
B6: NUCL | C6: =EVALUATION!C7 -> 0.54769981 | F6: W NUCL | G6: W XAIX | H6: RETURN | I6: ST. DEV. | J6: SHARPE RATIO
B7: XAIX | C7: =EVALUATION!E7 -> 0.3218903
F8: 0 | G8: =1-F8 -> 1 | H8: =(F8*$C$6)+(G8*$C$7) -> 0.3218903 | I8: =SQRT((F8^2*$C$10^2)+(G8^2*$C$11^2)+(2*F8*G8*$C$13*$C$10*$C$11)) -> 0.24090783 | J8: =(H8-$C$15)/I8 -> 1.2178529
B9: volatility | F9: 0.01 | G9: =1-F9 -> 0.99 | H9: =(F9*$C$6)+(G9*$C$7) -> 0.32414839 | I9: =SQRT((F9^2*$C$10^2)+(G9^2*$C$11^2)+(2*F9*G9*$C$13*$C$10*$C$11)) -> 0.23990495 | J9: =(H9-$C$15)/I9 -> 1.2323564
B10: NUCL | C10: =EVALUATION!C14 -> 0.35533722 | F10: 0.02 | G10: =1-F10 -> 0.98 | H10: =(F10*$C$6)+(G10*$C$7) -> 0.32640649 | I10: =SQRT((F10^2*$C$10^2)+(G10^2*$C$11^2)+(2*F10*G10*$C$13*$C$10*$C$11)) -> 0.23894709 | J10: =(H10-$C$15)/I10 -> 1.2467467
B11: XAIX | C11: =EVALUATION!E14 -> 0.24090783 | F11: 0.03 | G11: =1-F11 -> 0.97 | H11: =(F11*$C$6)+(G11*$C$7) -> 0.32866458 | I11: =SQRT((F11^2*$C$10^2)+(G11^2*$C$11^2)+(2*F11*G11*$C$13*$C$10*$C$11)) -> 0.23803479 | J11: =(H11-$C$15)/I11 -> 1.2610114
F12: 0.04 | G12: =1-F12 -> 0.96 | H12: =(F12*$C$6)+(G12*$C$7) -> 0.33092268 | I12: =SQRT((F12^2*$C$10^2)+(G12^2*$C$11^2)+(2*F12*G12*$C$13*$C$10*$C$11)) -> 0.23716858 | J12: =(H12-$C$15)/I12 -> 1.275138
B13: correlation | C13: =EVALUATION!D18 -> 0.38945318 | F13: 0.05 | G13: =1-F13 -> 0.95 | H13: =(F13*$C$6)+(G13*$C$7) -> 0.33318077 | I13: =SQRT((F13^2*$C$10^2)+(G13^2*$C$11^2)+(2*F13*G13*$C$13*$C$10*$C$11)) -> 0.23634898 | J13: =(H13-$C$15)/I13 -> 1.289114
F14: 0.06 | G14: =1-F14 -> 0.94 | H14: =(F14*$C$6)+(G14*$C$7) -> 0.33543887 | I14: =SQRT((F14^2*$C$10^2)+(G14^2*$C$11^2)+(2*F14*G14*$C$13*$C$10*$C$11)) -> 0.23557645 | J14: =(H14-$C$15)/I14 -> 1.3029268
B15: rf : bund10yrs | C15: 0.0285 | F15: 0.07 | G15: =1-F15 -> 0.93 | H15: =(F15*$C$6)+(G15*$C$7) -> 0.33769696 | I15: =SQRT((F15^2*$C$10^2)+(G15^2*$C$11^2)+(2*F15*G15*$C$13*$C$10*$C$11)) -> 0.23485148 | J15: =(H15-$C$15)/I15 -> 1.3165639
F16: 0.08 | G16: =1-F16 -> 0.92 | H16: =(F16*$C$6)+(G16*$C$7) -> 0.33995506 | I16: =SQRT((F16^2*$C$10^2)+(G16^2*$C$11^2)+(2*F16*G16*$C$13*$C$10*$C$11)) -> 0.23417449 | J16: =(H16-$C$15)/I16 -> 1.3300128
B17: max Sharpe PTF | F17: 0.09 | G17: =1-F17 -> 0.91 | H17: =(F17*$C$6)+(G17*$C$7) -> 0.34221315 | I17: =SQRT((F17^2*$C$10^2)+(G17^2*$C$11^2)+(2*F17*G17*$C$13*$C$10*$C$11)) -> 0.23354591 | J17: =(H17-$C$15)/I17 -> 1.3432612
B18: RETURN | C18: =H59 -> 0.43705315 | F18: 0.1 | G18: =1-F18 -> 0.9 | H18: =(F18*$C$6)+(G18*$C$7) -> 0.34447125 | I18: =SQRT((F18^2*$C$10^2)+(G18^2*$C$11^2)+(2*F18*G18*$C$13*$C$10*$C$11)) -> 0.23296613 | J18: =(H18-$C$15)/I18 -> 1.356297
B19: ST. DEV | C19: =I59 -> 0.25187021 | F19: 0.11 | G19: =1-F19 -> 0.89 | H19: =(F19*$C$6)+(G19*$C$7) -> 0.34672934 | I19: =SQRT((F19^2*$C$10^2)+(G19^2*$C$11^2)+(2*F19*G19*$C$13*$C$10*$C$11)) -> 0.23243551 | J19: =(H19-$C$15)/I19 -> 1.3691081
B20: SHARPE RATIO | C20: =MAXA(J8:J108) -> 1.6220781 | F20: 0.12 | G20: =1-F20 -> 0.88 | H20: =(F20*$C$6)+(G20*$C$7) -> 0.34898744 | I20: =SQRT((F20^2*$C$10^2)+(G20^2*$C$11^2)+(2*F20*G20*$C$13*$C$10*$C$11)) -> 0.2319544 | J20: =(H20-$C$15)/I20 -> 1.381683
F21: 0.13 | G21: =1-F21 -> 0.87 | H21: =(F21*$C$6)+(G21*$C$7) -> 0.35124553 | I21: =SQRT((F21^2*$C$10^2)+(G21^2*$C$11^2)+(2*F21*G21*$C$13*$C$10*$C$11)) -> 0.23152309 | J21: =(H21-$C$15)/I21 -> 1.3940101
B22: CAPITAL MARKET LINE | C22: R | D22: ST.DEV. | F22: 0.14 | G22: =1-F22 -> 0.86 | H22: =(F22*$C$6)+(G22*$C$7) -> 0.35350363 | I22: =SQRT((F22^2*$C$10^2)+(G22^2*$C$11^2)+(2*F22*G22*$C$13*$C$10*$C$11)) -> 0.23114187 | J22: =(H22-$C$15)/I22 -> 1.4060785
B23: 0 | C23: =(B23*$C$18)+((1-B23)*C15) -> 0.0285 | D23: =(B23*$C$19) -> 0 | F23: 0.15 | G23: =1-F23 -> 0.85 | H23: =(F23*$C$6)+(G23*$C$7) -> 0.35576173 | I23: =SQRT((F23^2*$C$10^2)+(G23^2*$C$11^2)+(2*F23*G23*$C$13*$C$10*$C$11)) -> 0.23081099 | J23: =(H23-$C$15)/I23 -> 1.4178775
B24: 1 | C24: =(B24*$C$18)+((1-B24)*C16) -> 0.43705315 | D24: =(B24*$C$19) -> 0.25187021 | F24: 0.16 | G24: =1-F24 -> 0.84 | H24: =(F24*$C$6)+(G24*$C$7) -> 0.35801982 | I24: =SQRT((F24^2*$C$10^2)+(G24^2*$C$11^2)+(2*F24*G24*$C$13*$C$10*$C$11)) -> 0.23053067 | J24: =(H24-$C$15)/I24 -> 1.4293969
B25: 2 | C25: =(B25*$C$18)+((1-B25)*C17) -> 0.8741063 | D25: =(B25*$C$19) -> 0.50374042 | F25: 0.17 | G25: =1-F25 -> 0.83 | H25: =(F25*$C$6)+(G25*$C$7) -> 0.36027792 | I25: =SQRT((F25^2*$C$10^2)+(G25^2*$C$11^2)+(2*F25*G25*$C$13*$C$10*$C$11)) -> 0.23030108 | J25: =(H25-$C$15)/I25 -> 1.4406268
F26: 0.18 | G26: =1-F26 -> 0.82 | H26: =(F26*$C$6)+(G26*$C$7) -> 0.36253601 | I26: =SQRT((F26^2*$C$10^2)+(G26^2*$C$11^2)+(2*F26*G26*$C$13*$C$10*$C$11)) -> 0.23012238 | J26: =(H26-$C$15)/I26 -> 1.4515581
F27: 0.19 | G27: =1-F27 -> 0.81 | H27: =(F27*$C$6)+(G27*$C$7) -> 0.36479411 | I27: =SQRT((F27^2*$C$10^2)+(G27^2*$C$11^2)+(2*F27*G27*$C$13*$C$10*$C$11)) -> 0.2299947 | J27: =(H27-$C$15)/I27 -> 1.462182
F28: 0.2 | G28: =1-F28 -> 0.8 | H28: =(F28*$C$6)+(G28*$C$7) -> 0.3670522 | I28: =SQRT((F28^2*$C$10^2)+(G28^2*$C$11^2)+(2*F28*G28*$C$13*$C$10*$C$11)) -> 0.2299181 | J28: =(H28-$C$15)/I28 -> 1.4724904
F29: 0.21 | G29: =1-F29 -> 0.79 | H29: =(F29*$C$6)+(G29*$C$7) -> 0.3693103 | I29: =SQRT((F29^2*$C$10^2)+(G29^2*$C$11^2)+(2*F29*G29*$C$13*$C$10*$C$11)) -> 0.22989265 | J29: =(H29-$C$15)/I29 -> 1.4824758
F30: 0.22 | G30: =1-F30 -> 0.78 | H30: =(F30*$C$6)+(G30*$C$7) -> 0.37156839 | I30: =SQRT((F30^2*$C$10^2)+(G30^2*$C$11^2)+(2*F30*G30*$C$13*$C$10*$C$11)) -> 0.22991836 | J30: =(H30-$C$15)/I30 -> 1.4921313
F31: 0.23 | G31: =1-F31 -> 0.77 | H31: =(F31*$C$6)+(G31*$C$7) -> 0.37382649 | I31: =SQRT((F31^2*$C$10^2)+(G31^2*$C$11^2)+(2*F31*G31*$C$13*$C$10*$C$11)) -> 0.22999522 | J31: =(H31-$C$15)/I31 -> 1.5014507
F32: 0.24 | G32: =1-F32 -> 0.76 | H32: =(F32*$C$6)+(G32*$C$7) -> 0.37608458 | I32: =SQRT((F32^2*$C$10^2)+(G32^2*$C$11^2)+(2*F32*G32*$C$13*$C$10*$C$11)) -> 0.23012317 | J32: =(H32-$C$15)/I32 -> 1.5104284
F33: 0.25 | G33: =1-F33 -> 0.75 | H33: =(F33*$C$6)+(G33*$C$7) -> 0.37834268 | I33: =SQRT((F33^2*$C$10^2)+(G33^2*$C$11^2)+(2*F33*G33*$C$13*$C$10*$C$11)) -> 0.23030213 | J33: =(H33-$C$15)/I33 -> 1.5190597
F34: 0.26 | G34: =1-F34 -> 0.74 | H34: =(F34*$C$6)+(G34*$C$7) -> 0.38060077 | I34: =SQRT((F34^2*$C$10^2)+(G34^2*$C$11^2)+(2*F34*G34*$C$13*$C$10*$C$11)) -> 0.23053198 | J34: =(H34-$C$15)/I34 -> 1.5273403
F35: 0.27 | G35: =1-F35 -> 0.73 | H35: =(F35*$C$6)+(G35*$C$7) -> 0.38285887 | I35: =SQRT((F35^2*$C$10^2)+(G35^2*$C$11^2)+(2*F35*G35*$C$13*$C$10*$C$11)) -> 0.23081256 | J35: =(H35-$C$15)/I35 -> 1.5352668
F36: 0.28 | G36: =1-F36 -> 0.72 | H36: =(F36*$C$6)+(G36*$C$7) -> 0.38511696 | I36: =SQRT((F36^2*$C$10^2)+(G36^2*$C$11^2)+(2*F36*G36*$C$13*$C$10*$C$11)) -> 0.2311437 | J36: =(H36-$C$15)/I36 -> 1.5428366
F37: 0.29 | G37: =1-F37 -> 0.71 | H37: =(F37*$C$6)+(G37*$C$7) -> 0.38737506 | I37: =SQRT((F37^2*$C$10^2)+(G37^2*$C$11^2)+(2*F37*G37*$C$13*$C$10*$C$11)) -> 0.23152518 | J37: =(H37-$C$15)/I37 -> 1.5500476
... F108: 1 | G108: =1-F108 -> 0 | H108: =(F108*$C$6)+(G108*$C$7) -> 0.54769981 | I108: =SQRT((F108^2*$C$10^2)+(G108^2*$C$11^2)+(2*F108*G108*$C$13*$C$10*$C$11)) -> 0.35533722 | J108: =(H108-$C$15)/I108 -> 1.4611467

Sheet >>>DATA SET

Sheet URANIUM
A1: Date | B1: Adj Close | D1: logn
A2: 45033 | B2: 15.78
A3: 45040 | B3: 15.91 | D3: =LN(B3/B2) -> 0.0082045343
A4: 45047 | B4: 16.040001 | D4: =LN(B4/B3) -> 0.0081378268
A5: 45054 | B5: 16.629999 | D5: =LN(B5/B4) -> 0.036122583
A6: 45061 | B6: 16.49 | D6: =LN(B6/B5) -> -0.00845412
A7: 45068 | B7: 16.620001 | D7: =LN(B7/B6) -> 0.0078527172
A8: 45075 | B8: 17.219999 | D8: =LN(B8/B7) -> 0.035464619
A9: 45082 | B9: 17.718 | D9: =LN(B9/B8) -> 0.028509636
A10: 45089 | B10: 18.190001 | D10: =LN(B10/B9) -> 0.026290927
A11: 45096 | B11: 17.82 | D11: =LN(B11/B10) -> -0.020550617
A12: 45103 | B12: 17.587999 | D12: =LN(B12/B11) -> -0.013104591
A13: 45110 | B13: 17.398001 | D13: =LN(B13/B12) -> -0.010861516
A14: 45117 | B14: 17.360001 | D14: =LN(B14/B13) -> -0.0021865539
... A145: 46034 | B145: 52.450001 | D145: =LN(B145/B144) -> 0.02568456

Sheet AI
A1: Date | B1: Adj Close | D1: logn returns
A2: 45033 | B2: 72.5
A3: 45040 | B3: 72.580002 | D3: =LN(B3/B2) -> 0.0011028652
A4: 45047 | B4: 72.580002 | D4: =LN(B4/B3) -> 0
A5: 45054 | B5: 74.349998 | D5: =LN(B5/B4) -> 0.024094225
A6: 45061 | B6: 78.32 | D6: =LN(B6/B5) -> 0.052019342
A7: 45068 | B7: 83.010002 | D7: =LN(B7/B6) -> 0.058158114
A8: 45075 | B8: 84.639999 | D8: =LN(B8/B7) -> 0.019445853
A9: 45082 | B9: 84.510002 | D9: =LN(B9/B8) -> -0.0015370651
A10: 45089 | B10: 87.339996 | D10: =LN(B10/B9) -> 0.03293861
A11: 45096 | B11: 84.75 | D11: =LN(B11/B10) -> -0.03010276
A12: 45103 | B12: 86.389999 | D12: =LN(B12/B11) -> 0.019166175
A13: 45110 | B13: 85.610001 | D13: =LN(B13/B12) -> -0.0090698154
A14: 45117 | B14: 87.269997 | D14: =LN(B14/B13) -> 0.019204617
... A145: 46034 | B145: 156.17999 | D145: =LN(B145/B144) -> -0.019654511
